"id_cinema","name","location"
1,"Reinger, Willms and Hane","Reading"
2,"Sipes LLC","Jonesboro"
3,"Johns LLC","Spring Valley"
4,"Harris Inc","Fond du Lac"
5,"Kuvalis, Hamill and Pollich","Mount Vernon"
6,"Osinski - Prosacco","Minneapolis"
7,"Barrows - Hettinger","Altadena"
8,"Grimes Inc","Newton"
9,"Weber, Anderson and Heller","Carson"
10,"Schroeder LLC","Montebello"
11,"Leannon, Bins and Pollich","Riverside"
12,"Champlin - Oberbrunner","Placentia"
13,"Kulas, Connelly and Satterfield","West Haven"
14,"Franey Group","Colton"
15,"Little, Nienow and Conn","Bonita Springs"
16,"Thiel Inc","Blaine"
17,"Gibson, Senger and Gleichner","Wauwatosa"
18,"Hamill - Pacocha","Boise City"
19,"Hackett Inc","Beaumont"
20,"Muller LLC","Berkeley"
21,"Bashirian - Hagenes","Caldwell"
22,"Mraz - Bayer","Norfolk"
23,"Graham - Harvey","Antelope"
24,"Mosciski - Schamberger","Deerfield Beach"
25,"Bergnaum, Kiehn and Wintheiser","Malden"
26,"Terry and Sons","West Babylon"
27,"Franey - Torphy","Sheboygan"
28,"Bashirian LLC","Greeley"
29,"Mohr - Turner","Lynwood"
30,"Stehr, Schulist and Carroll","Springdale"
31,"Hansen, Stehr and Corkery","Longview"
32,"Kohler, Schaden and Schulist","St. George"
33,"Schulist, Swift and Harris","Southfield"
34,"Reichert Group","Garden Grove"
35,"Kunde Group","Richland"
36,"Hansen, Orn and Lynch","Caldwell"
37,"Ledner Inc","Dayton"
38,"Bergstrom, Schuster and Kub","South San Francisco"
39,"Veum - O'Conner","Wellington"
40,"Roberts and Sons","Erie"
41,"DuBuque - Koelpin","Hattiesburg"
42,"Pfeffer - Schultz","Kissimmee"
43,"Koepp Group","State College"
44,"Rippin - Trantow","Decatur"
45,"Hackett, Mann and Klocko","Jersey City"
46,"Nikolaus, Wisozk and Terry","Altamonte Springs"
47,"Nicolas, Koch and Stanton","Paterson"
48,"Klocko and Sons","Tallahassee"
49,"Schimmel Inc","The Woodlands"
50,"Lang - Altenwerth","Centennial"
51,"Kassulke, Kris and Treutel","Broomfield"
52,"Upton, Cummings and Predovic","Hemet"
53,"Beahan, Connelly and Funk","Greenwood"
54,"Smitham - Stiedemann","San Luis Obispo"
55,"Schneider - Ziemann","Cheyenne"
56,"Schmeler - McDermott","Waukesha"
57,"Gusikowski - Jones","Lenexa"
58,"Fisher, Okuneva and Tremblay","New Bedford"
59,"Rohan - Deckow","Palatine"
60,"Welch, Casper and Bernhard","Cheyenne"
61,"Veum - Mohr","Bryan"
62,"Dicki - Stamm","Carrollton"
63,"O'Conner Group","Davis"
64,"Schulist - Pfannerstill","Boynton Beach"
65,"Corwin, Pollich and Moen","Danbury"
66,"Homenick, Green and Satterfield","West Allis"
67,"Medhurst and Sons","Burnsville"
68,"Leannon, Gutkowski and Osinski","Redding"
69,"Bernier - Feil","New Rochelle"
70,"Feil Group","Draper"
71,"Kerluke - Bradtke","Sioux Falls"
72,"Lemke LLC","Murray"
73,"Bogan - Cruickshank","Towson"
74,"Runte - Feil","Maricopa"
75,"Kuhic, Yundt and Mayer","Wyoming"
76,"Hahn - Carter","Glendale"
77,"Harber - Olson","Severn"
78,"Murray - Huels","Fort Lauderdale"
79,"Baumbach - Von","Pueblo"
80,"Auer, Romaguera and Macejkovic","Fullerton"
81,"McCullough, Brown and Ortiz","Barnstable Town"
82,"Bauch - Fadel","Oakland Park"
83,"Bruen, Effertz and Flatley","Tallahassee"
84,"Walter LLC","Springdale"
85,"Walker - Keebler","Anchorage"
86,"Schultz - Kunze","Tulare"
87,"Kerluke, Koss and Streich","Bartlett"
88,"Sanford Inc","Carmel"
89,"Erdman - Jast","Fountain Valley"
90,"Larkin LLC","Wyoming"
91,"Ziemann, Mohr and Schulist","Dallas"
92,"Tremblay Inc","Savannah"
93,"Berge - Heathcote","San Marcos"
94,"Cole, Toy and Huels","Pearland"
95,"Herman, Boehm and Leuschke","Santa Barbara"
96,"Koss Inc","Visalia"
97,"Hyatt, Nikolaus and Wilkinson","Conroe"
98,"Dach Group","Fort Lauderdale"
99,"Bogan - Parisian","Moore"
100,"McDermott - Muller","Orlando"
101,"Sawayn, Ondricka and Moen","Orem"
102,"Goldner LLC","San Antonio"
103,"Casper, Pfeffer and Reichel","Portsmouth"
104,"Mayer - Schmeler","San Rafael"
105,"Johnston - Wolf","Chicago"
106,"Ziemann LLC","Texas City"
107,"Treutel, Friesen and Jenkins","Victorville"
108,"Schaden Group","Gardena"
109,"Oberbrunner and Sons","Germantown"
110,"Cartwright Inc","Toledo"
111,"Stamm - Walker","Abilene"
112,"Sanford Group","Omaha"
113,"Casper and Sons","Missouri City"
114,"Crist Group","Ontario"
115,"Beatty - Borer","Dundalk"
116,"Price, Hahn and Haley","Chapel Hill"
117,"Aufderhar - Trantow","Haverhill"
118,"Watsica and Sons","Lynwood"
119,"Nienow - Wisozk","Altamonte Springs"
120,"Schroeder - Hegmann","Norfolk"
121,"Hyatt Inc","Roswell"
122,"Yundt, Jenkins and Kuhic","Redlands"
123,"Stokes Group","Glendora"
124,"Fisher - Farrell","Mission"
125,"Boyle, Torphy and Schiller","Hoover"
126,"Ritchie, Pacocha and Heathcote","Lawton"
127,"Johnson LLC","Spokane Valley"
128,"Prosacco - Rutherford","Sayreville"
129,"Stiedemann and Sons","Sparks"
130,"Tillman LLC","Tigard"
131,"Rosenbaum, Lockman and Yundt","Portland"
132,"Raynor - Lubowitz","Arlington Heights"
133,"Mann - Ebert","Muncie"
134,"Jerde Group","Berkeley"
135,"Breitenberg - Lynch","Evansville"
136,"Ortiz - Robel","Waterbury"
137,"Price - Wehner","Surprise"
138,"Hoppe - O'Hara","Marysville"
139,"Collier LLC","Reston"
140,"Schinner - Crona","Deerfield Beach"
141,"Schoen - Ullrich","Walnut Creek"
142,"Hilpert, Rodriguez and Veum","Lenexa"
143,"Rutherford - Hartmann","Largo"
144,"Steuber, Wiza and Fay","Poinciana"
145,"Daugherty - Veum","Garland"
146,"O'Reilly - Heaney","Corpus Christi"
147,"Parker, McLaughlin and Terry","Rowlett"
148,"Schmeler - Wilderman","Blue Springs"
149,"Thompson - Rath","Chapel Hill"
150,"Shanahan - Rowe","Bend"
151,"Waters, Dooley and Conn","Chattanooga"
152,"Nicolas, Towne and Rutherford","Reston"
153,"Friesen, Hoeger and Koss","Waldorf"
154,"Schuster, Bradtke and Nitzsche","Champaign"
155,"Ferry Group","Danbury"
156,"Pagac, Bartoletti and Littel","Enterprise"
157,"Jacobs - Schneider","Farmington Hills"
158,"Hills - Kerluke","Pawtucket"
159,"Schuster - Kessler","Pflugerville"
160,"Conroy, Pfannerstill and Thompson","Rancho Palos Verdes"
161,"Fadel - Hoeger","Oakland Park"
162,"Pagac LLC","Mount Prospect"
163,"Windler, Pfeffer and Becker","Hampton"
164,"Greenholt, Smitham and McKenzie","East Los Angeles"
165,"Lowe - Hills","Enid"
166,"Leffler - Dibbert","Placentia"
167,"Robel Group","Bellingham"
168,"Hills Inc","Wichita Falls"
169,"O'Connell, Hermann and Bayer","Ames"
170,"D'Amore - Schroeder","Laredo"
171,"Herzog and Sons","Fountainebleau"
172,"Huel, Boehm and Walter","Jupiter"
173,"Stamm and Sons","Lodi"
174,"Franey and Sons","Madison"
175,"Gorczany, Fahey and Strosin","Altadena"
176,"Turcotte - Thompson","Weston"
177,"Nolan - Kunze","Lake Ridge"
178,"Cummings - Stracke","Cedar Hill"
179,"Schmeler Inc","Canton"
180,"MacGyver Inc","Plano"
181,"Will, Bednar and Bosco","Johnson City"
182,"Douglas, Ferry and Auer","Dearborn Heights"
183,"Sauer - Thiel","St. Cloud"
184,"Brown Group","Novato"
185,"Batz, Fisher and Hartmann","Buffalo Grove"
186,"Stark Inc","Stillwater"
187,"Brown - Nikolaus","Walnut Creek"
188,"Hansen, Yost and Bins","Elizabeth"
189,"Schneider, Quitzon and Schmeler","Middletown"
190,"Walter, Stark and Oberbrunner","Fountainebleau"
191,"Nienow - Parker","Independence"
192,"Gutkowski - Strosin","Ankeny"
193,"Crooks - Torphy","Taylor"
194,"Bogisich, McKenzie and Gerhold","Skokie"
195,"Casper Inc","Aloha"
196,"Cassin LLC","Milwaukee"
197,"Daugherty, Lynch and DuBuque","Dubuque"
198,"Kovacek LLC","El Centro"
199,"Heller - Kozey","Killeen"
200,"O'Keefe - Anderson","Bethesda"
201,"Koss, Rice and Hilll","Manteca"
202,"Barrows and Sons","Bayamon"
203,"Weber - Abernathy","Broomfield"
204,"Wisozk, Koelpin and Hamill","West Jordan"
205,"Walsh, Pouros and Wisozk","Costa Mesa"
206,"Bergnaum Inc","Brookline"
207,"Rodriguez - Stamm","Tampa"
208,"Friesen - Wilkinson","Aloha"
209,"Harber - Cremin","Danville"
210,"Torphy - Sipes","Garden Grove"
211,"Armstrong Group","Midland"
212,"Raynor and Sons","Grand Junction"
213,"Mayer - Watsica","El Dorado Hills"
214,"McDermott, Osinski and Emard","San Leandro"
215,"Grant, Hyatt and Krajcik","Decatur"
216,"O'Kon, Raynor and Herman","Orlando"
217,"Greenholt and Sons","Rocklin"
218,"Ruecker - Corwin","Davenport"
219,"Kiehn LLC","Laguna Niguel"
220,"Waelchi LLC","Manteca"
221,"Buckridge and Sons","Springfield"
222,"Miller and Sons","Lakewood"
223,"Olson, Koch and Wiza","Kingsport"
224,"Mohr Group","Stillwater"
225,"Mayert, Botsford and Hyatt","Somerville"
226,"Collins, Howell and Kuvalis","Everett"
227,"Nicolas, Okuneva and Wiza","Hialeah"
228,"Pouros LLC","Champaign"
229,"Lehner - Swift","Des Moines"
230,"Medhurst LLC","Columbia"
231,"Hammes, Konopelski and Hauck","San Jacinto"
232,"Braun, MacGyver and Gottlieb","Avondale"
233,"Hartmann - Heathcote","Skokie"
234,"Powlowski, Wuckert and Wiegand","Janesville"
235,"Dickinson, Champlin and Champlin","Rowland Heights"
236,"Fisher, Mertz and Orn","Cheyenne"
237,"Leffler, Monahan and Wunsch","Thornton"
238,"Maggio and Sons","San Clemente"
239,"Kunze - Hackett","Apple Valley"
240,"Kulas, Borer and Mraz","Cambridge"
241,"Sawayn, Sporer and Jacobson","Dearborn Heights"
242,"Fisher Inc","West Valley City"
243,"Feil Group","Albany"
244,"Lebsack - Pagac","Springfield"
245,"Hilpert and Sons","Compton"
246,"Schuster - Weissnat","Carrollton"
247,"Jenkins Group","Chula Vista"
248,"O'Connell Group","North Miami Beach"
249,"Mayert, Gerhold and Bernier","Sierra Vista"
250,"Beahan - Mayert","Tulsa"
251,"Medhurst - Wunsch","Margate"
252,"O'Reilly Inc","Rochester Hills"
253,"Tillman, Kilback and Ferry","Las Cruces"
254,"Nicolas, O'Conner and Fahey","Minot"
255,"Considine - Torp","Green Bay"
256,"Hand, Olson and Marks","Hartford"
257,"Macejkovic - Christiansen","South Hill"
258,"Larson - Pfannerstill","Barnstable Town"
259,"Kassulke, Heller and Howe","South Gate"
260,"Schultz - Waelchi","Bloomington"
261,"Zulauf, Quigley and Kiehn","Milwaukee"
262,"Miller, Schmitt and Beier","Mountain View"
263,"Lebsack - Mante","San Mateo"
264,"Cummerata LLC","Pleasanton"
265,"Schumm Inc","Palm Desert"
266,"Herman - Blanda","Hendersonville"
267,"Hackett, Romaguera and Vandervort","Winston-Salem"
268,"Franey LLC","Chapel Hill"
269,"Batz - Senger","Saginaw"
270,"Frami, Hessel and Kulas","Delano"
271,"Carter, Kiehn and Schinner","Miami"
272,"Ankunding LLC","Modesto"
273,"Bosco - Wisozk","Torrance"
274,"Jaskolski Inc","Waltham"
275,"Buckridge and Sons","Burke"
276,"Gusikowski Inc","San Jose"
277,"Stoltenberg - Franecki","Plantation"
278,"Hegmann, Smitham and Reynolds","Rapid City"
279,"Wilkinson and Sons","Bowie"
280,"Moen, Volkman and Greenholt","Missouri City"
281,"Gleichner, Olson and Barton","Gresham"
282,"Keebler Group","West Jordan"
283,"Barrows - Wunsch","Hackensack"
284,"Ledner, Reynolds and Roberts","Taunton"
285,"Hilll, Herzog and Paucek","Jersey City"
286,"Effertz, Connelly and Prohaska","Hialeah"
287,"Reichel - Gottlieb","Denton"
288,"O'Connell, Gleichner and Abbott","York"
289,"Wolf, Emmerich and Kling","Killeen"
290,"Connelly, Reynolds and Blanda","Daly City"
291,"Abernathy, Von and Rice","Amarillo"
292,"Hintz, Stehr and Graham","Frederick"
293,"Funk LLC","Waterloo"
294,"Hoppe - White","Lake Elsinore"
295,"Dickinson, Collins and King","Fishers"
296,"Cronin, Treutel and Kozey","Olathe"
297,"Flatley - Sawayn","Pearland"
298,"Langosh Group","Des Moines"
299,"Mitchell Group","Antioch"
300,"Thiel - Farrell","North Richland Hills"
301,"Bogan - Weimann","La Mirada"
302,"Zulauf - Deckow","McAllen"
303,"Gusikowski LLC","Rocklin"
304,"Hilpert - Bosco","Racine"
305,"Klein, Kerluke and Cartwright","Fargo"
306,"Nicolas Inc","Rancho Palos Verdes"
307,"Hayes, Kohler and Yundt","Binghamton"
308,"White, Kuphal and Simonis","Temple"
309,"Schumm - Ortiz","Spring Hill"
310,"Stanton - Balistreri","Broomfield"
311,"Weber - Hodkiewicz","Dale City"
312,"Ryan, Stokes and Stark","Yuma"
313,"Monahan and Sons","Bentonville"
314,"Legros Group","Bismarck"
315,"Nikolaus, Schulist and Daugherty","Simi Valley"
316,"Grant, Heller and Mills","Lynn"
317,"Waelchi, Schumm and Predovic","Charleston"
318,"Stamm - Stoltenberg","Salem"
319,"Miller Group","Miami"
320,"Kassulke, Botsford and Beahan","Springdale"
321,"Bednar, Herzog and Jenkins","Wylie"
322,"Waters, Windler and Wisoky","Baltimore"
323,"O'Conner Inc","Livonia"
324,"Langworth, Gorczany and Bednar","Gresham"
325,"Hackett - Fritsch","Corona"
326,"Herzog - Rempel","Tracy"
327,"Runolfsson - Batz","Maricopa"
328,"Hermann, Cremin and Cartwright","Fort Pierce"
329,"Parisian - Effertz","Layton"
330,"Langworth Group","Palo Alto"
331,"Langosh - Blanda","Utica"
332,"McDermott, Weber and Davis","Buckeye"
333,"Bartoletti - Murphy","Torrance"
334,"Walter Inc","Milwaukee"
335,"Muller Inc","Olympia"
336,"Kautzer - Runolfsdottir","Riverview"
337,"Predovic and Sons","Coon Rapids"
338,"Mante, Fritsch and Walter","Caguas"
339,"Murazik, Reichert and Schinner","Chesterfield"
340,"Daniel, Predovic and Hessel","Tuscaloosa"
341,"Berge Inc","Duluth"
342,"Hessel - Cronin","New York"
343,"Beer, Aufderhar and Hoppe","Antelope"
344,"Simonis Group","Sanford"
345,"Cassin - Shields","Jackson"
346,"Luettgen, Runolfsson and Ortiz","Cutler Bay"
347,"Hoppe - O'Reilly","Lompoc"
348,"Schuster, Mills and Wilkinson","Stratford"
349,"Borer, Veum and Emard","Buffalo"
350,"Smith - McDermott","Greeley"
351,"Wehner Inc","Rapid City"
352,"Wunsch - Hirthe","Covina"
353,"Predovic - Macejkovic","Sandy Springs"
354,"Fadel - Reilly","Yonkers"
355,"Fisher, Walter and Bauch","Corona"
356,"Blanda Inc","Glenview"
357,"Schuppe Inc","Johnson City"
358,"Jacobson, Kessler and Willms","Downey"
359,"Reinger - Crist","State College"
360,"Huel Group","Council Bluffs"
361,"Satterfield LLC","South Valley"
362,"Schimmel, Schoen and Bins","North Richland Hills"
363,"Prosacco Group","Hillsboro"
364,"Runolfsdottir LLC","Summerville"
365,"Tillman Inc","Charlotte"
366,"Prohaska, Gottlieb and Hauck","Newton"
367,"Kuhn, Carroll and Murray","Hawthorne"
368,"Kshlerin - Zemlak","Summerville"
369,"Goyette - Luettgen","Riverton"
370,"Schmidt - Lesch","Bayonne"
371,"Bode, Reichert and McLaughlin","Chandler"
372,"Grimes, Dooley and Weimann","Cape Coral"
373,"Labadie Inc","Glendora"
374,"Deckow and Sons","Seattle"
375,"O'Conner - Hahn","Simi Valley"
376,"Batz - Rippin","Kentwood"
377,"Bernhard and Sons","Orange"
378,"Anderson - Hills","Dunwoody"
379,"Larkin LLC","Wyoming"
380,"Bradtke, Strosin and Kovacek","Blaine"
381,"Weber, Kovacek and VonRueden","Rapid City"
382,"Conn, Hoeger and Rosenbaum","Severn"
383,"Harris Group","Mayaguez"
384,"Pouros, Aufderhar and Rosenbaum","Orem"
385,"Goldner, Beer and Berge","Livonia"
386,"Turner and Sons","Diamond Bar"
387,"Erdman Group","Lee's Summit"
388,"Swaniawski and Sons","Chesapeake"
389,"Conroy LLC","Caldwell"
390,"Haag Group","Berwyn"
391,"Oberbrunner - Lowe","Gresham"
392,"Bosco Inc","Gilroy"
393,"Kessler LLC","Bloomington"
394,"Botsford, Schowalter and Fadel","Goodyear"
395,"Buckridge, Leannon and Goyette","Clearwater"
396,"Powlowski - Jaskolski","Gastonia"
397,"Yost - Cronin","Missouri City"
398,"Wilkinson Group","Brookhaven"
399,"Rath - Ullrich","Dubuque"
400,"Pacocha - Goodwin","Burlington"
401,"Halvorson, Smith and Streich","Bel Air South"
402,"Ortiz, Boyer and Pacocha","Rogers"
403,"Lehner Inc","Niagara Falls"
404,"Koelpin and Sons","Kokomo"
405,"Kirlin, Mueller and Johnson","Oakland"
406,"Carroll Inc","Gaithersburg"
407,"Nader - Hackett","Hayward"
408,"Considine, Kihn and Conroy","Glendale"
409,"Russel Group","Lewisville"
410,"Schuster - Lockman","Joliet"
411,"Prosacco, Effertz and Aufderhar","Daly City"
412,"Boyer Group","Hanford"
413,"Larkin Group","Dublin"
414,"Schuster, Hodkiewicz and Bayer","Middletown"
415,"Bednar, Jerde and Boyle","Centennial"
416,"West - Rippin","Lafayette"
417,"Kovacek, Murray and Gleichner","Hemet"
418,"Larkin and Sons","Brookline"
419,"Daugherty LLC","Hampton"
420,"Satterfield, Heller and Conroy","Mountain View"
421,"Dooley - Connelly","Kokomo"
422,"Goodwin Group","Grand Prairie"
423,"Mills Inc","Huntington Park"
424,"Koch, Lynch and Raynor","Coachella"
425,"Schamberger, Collier and Farrell","St. Petersburg"
426,"Erdman - Stamm","Murfreesboro"
427,"McGlynn - Stracke","McLean"
428,"Cassin and Sons","Logan"
429,"Parisian, Schultz and Bauch","La Mesa"
430,"Weissnat and Sons","Jackson"
431,"Casper, Osinski and Moen","Bolingbrook"
432,"Moen, Hagenes and Schumm","Augusta-Richmond County"
433,"Kertzmann, Hansen and Koch","Riverview"
434,"Murazik and Sons","San Bruno"
435,"Parker - Wintheiser","Urbana"
436,"Huel - Hoppe","Wesley Chapel"
437,"Donnelly LLC","Minnetonka"
438,"Dickinson - Hegmann","Trujillo Alto"
439,"McDermott, Sanford and Lindgren","Coral Springs"
440,"Langworth LLC","Napa"
441,"Rogahn, Herman and Zemlak","Lombard"
442,"Kunde - Bode","West Seneca"
443,"Greenfelder, Stehr and Terry","Compton"
444,"Stamm - Yost","Doral"
445,"Denesik, Walter and Hammes","Boulder"
446,"Prosacco LLC","Peoria"
447,"Renner and Sons","Racine"
448,"Lesch - Gorczany","Kokomo"
449,"Kling - Ankunding","Providence"
450,"Ullrich and Sons","Arden-Arcade"
451,"Pouros LLC","Bel Air South"
452,"Pagac, Farrell and Legros","New Bedford"
453,"Waters, Ankunding and Kilback","Binghamton"
454,"Howell, Hirthe and O'Hara","Elyria"
455,"Kuhic, Lindgren and Miller","Palo Alto"
456,"Mante Inc","Largo"
457,"Cummerata - Kris","Philadelphia"
458,"Jones - Corkery","Warwick"
459,"Hackett Inc","Broken Arrow"
460,"Metz - Predovic","Eagan"
461,"Lindgren, Ledner and Herzog","Canton"
462,"Terry Inc","Saginaw"
463,"Bosco - Koepp","Tulsa"
464,"Effertz, Hand and Zemlak","Woodland"
465,"Prohaska, Kuphal and Grant","Murfreesboro"
466,"Wiza LLC","North Port"
467,"Gutkowski, Medhurst and Tremblay","Pine Hills"
468,"Koepp, Witting and Prohaska","Simi Valley"
469,"Huel, Fahey and Raynor","Mission Viejo"
470,"Bosco, D'Amore and Mosciski","Altamonte Springs"
471,"Mayer, Crona and Kohler","Beaumont"
472,"Stroman and Sons","Allen"
473,"Graham Inc","Cedar Park"
474,"Schiller Group","Kannapolis"
475,"Schoen, Schiller and Stroman","Hialeah"
476,"Grimes Group","Ocala"
477,"Kihn - Adams","Chico"
478,"King Group","Jackson"
479,"Ward - Green","Sparks"
480,"Erdman - Bechtelar","Beavercreek"
481,"Hoeger, Rippin and Toy","Aliso Viejo"
482,"Botsford, Weissnat and Klein","High Point"
483,"Von, Shanahan and Lemke","Broken Arrow"
484,"Willms, Schimmel and Ankunding","Blacksburg"
485,"Hermiston, Johnston and Hermann","Jefferson City"
486,"Franey - Pollich","Arden-Arcade"
487,"Wolff, Streich and Hermiston","Cape Coral"
488,"Runte, Russel and Bauch","Chino"
489,"Predovic, Medhurst and Stanton","Fargo"
490,"Harber - Corwin","Henderson"
491,"Brekke, Cassin and Fay","North Charleston"
492,"Bradtke - Huels","Fall River"
493,"Schoen, Windler and Collins","Hoover"
494,"Metz - Veum","Clarksville"
495,"Padberg, Fritsch and Zulauf","Lakeville"
496,"Johnston - Hauck","Kentwood"
497,"Schroeder, Abbott and Pfeffer","Rockville"
498,"Bergstrom and Sons","El Cajon"
499,"Pouros, Stamm and Ankunding","Athens-Clarke County"
500,"Douglas, Howe and Wisoky","Bozeman"
